norm_type,sender,sender_role,recipient,recipient_role,subject,subject_role,information_type,consent_form,purpose,followed_articles,violated_articles,case_content
permit,['Google'],['Service Provider'],['Google' 'Advertising Partners'],['Service Provider' 'Advertisers'],['Alex Johnson' 'Customers'],['User' 'Customer'],['Website Interaction Data' 'Ad Preferences'],Consent,Service Enhancement and Targeted Advertising,"['Article 6 - Lawfulness of processing'
 'Article 7 - Conditions for consent'
 'Article 13 - Information to be provided where personal data are collected from the data subject']",[],Alex Johnson's use of Google Sites and subsequent targeted advertising
permit,['Google'],['Service Provider'],['Google'],['Data Controller'],['Alex'],['User'],['Browsing Behavior' 'Language Preferences'],Consent,Enhancing User Experience and Tailored Advertisements,"['Article 6 - Lawfulness of processing'
 'Article 7 - Conditions for consent'
 'Article 12 - Transparent information, communication and modalities for the exercise of the rights of the data subject']",[],"In 2023, a user named Alex reported concerns about the use of cookies and pixel tags by Play Google, a service provided by Google. Alex noticed that while using Play Google, their language preferences were consistently saved, enhancing their user experience. However, Alex was curious about how their data was being used, particularly in relation to tailored advertisements. They observed that ads were personalized based on their browsing behavior but did not seem to reflect any sensitive categories such as race, religion, or health. Alex reached out to Google to understand more about the data collection process and how identifiers from cookies were being managed to ensure privacy and compliance with Google's stated policies."
permit,['InnovateX'],['Tech Startup'],['Google'],['Data Controller'],['Users'],['Data Subjects'],['User Data'],Authorization,Enhancing AI-driven marketing platform,"['Article 6 - Lawfulness of processing'
 'Article 7 - Conditions for consent'
 'Article 25 - Data protection by design and by default']",[],"InnovateX approached Google to access user data for improving their AI-driven marketing platform. Google adhered to its privacy policy and GDPR regulations, ensuring that any data sharing would require proper authorization and consent, which InnovateX obtained from users. The request was aligned with GDPR principles, focusing on user benefit and technological advancement."
permit,['Alex'],['User'],['Bing'],['Service Provider'],['Alex'],['User'],['Language Preferences'],,Enhancing User Experience,"['Article 6 - Lawfulness of processing'
 'Article 7 - Conditions for consent']",[],"Alex configured their browser to block all cookies, including those from Bing, due to privacy concerns. Bing was unable to remember Alex's language preferences, resulting in search results being displayed in a default language. Alex contacted Bing's customer support to find a solution that maintains privacy settings without compromising search service functionality."
permit,['Google'],['Service Provider'],['Alex'],['User'],['Alex'],['User'],['Correspondence Record' 'Service Update Information'],,"Issue Resolution, Service Update Notification",['Article 6(1)(b)' 'Article 6(1)(f)'],[],"In early 2023, a user named Alex contacted Google regarding an issue with their Google Drive storage. Alex had noticed that their storage capacity was not updating correctly after purchasing additional space. Upon contacting Google's support team via email, Alex received a prompt response. The support team assured Alex that they were looking into the issue and would provide a resolution soon. During this communication, Google informed Alex that they would keep a record of the correspondence to help resolve the issue efficiently. A few days later, Alex received an email from Google, not only addressing the storage issue but also informing them about upcoming changes to Google Drive's interface and new features that would be rolled out in the coming months."
permit,['Google'],['Service Provider'],['Third-party app'],['App Developer'],['John Doe'],['User'],['Profile name' 'Photo'],Consent,Advertisement,"['Article 6 - Lawfulness of processing'
 'Article 7 - Conditions for consent']",[],"John Doe's profile information was used in advertisements with his consent, as he had previously interacted with the app and left a review, which implied consent for such use. Google ensured that the privacy settings were correctly applied, and the information was shared in compliance with GDPR."
permit,['Google'],['Data Controller'],['Alex Johnson'],['Data Subject'],['Alex Johnson'],['Data Subject'],['YouTube watch history'],Consent,Targeted advertising,['Article 5' 'Article 12' 'Article 13'],[],"In 2023, a YouTube content creator, Alex Johnson, raised concerns about the data collection practices of Google while using YouTube services. Alex noticed that despite adjusting privacy settings in 'My Account', targeted advertisements continued to appear based on his YouTube watch history. He reached out to Google for clarification on what specific data was being collected and how it was being used, as he felt the Privacy Policy was not sufficiently clear in explaining these practices. Alex's inquiry highlighted the importance of transparency in data collection and the effectiveness of user controls in managing personal information."
permit,['IMDb'],['Data Controller'],['Users'],['Data Subjects'],['Users'],['Data Subjects'],['Cookies' 'IP addresses' 'Pixel tags'],Consent,Providing personalized content and advertisements,"['Article 6 - Lawfulness of processing'
 'Article 7 - Conditions for consent'
 'Article 12 - Transparent information, communication and modalities for the exercise of the rights of the data subject']",[],"IMDb ensured that their data processing practices were compliant with GDPR by obtaining user consent for the use of cookies, IP addresses, and pixel tags. They provided clear and accessible information about their data practices, aligning with the principles of transparency and accountability. IMDb also offered resources and contact options for users to understand their data practices better, demonstrating a commitment to user privacy and data protection."
permit,['Google'],['Service Provider'],['John Doe'],['User'],['John Doe'],['User'],['Posts' 'Personal Information'],Consent,Account Management,['Article 5' 'Article 6' 'Article 7'],[],"John Doe, a long-time user of Google services, noticed unusual activity on his Google Plus+ account. Upon investigation, he discovered that several posts and personal information were visible to the public, despite having set his privacy settings to restrict access to his contacts only. Concerned about the potential breach of privacy, John contacted Google Support to understand how his personal information, which was supposed to be associated with his Google Account and treated as private, became publicly accessible. Google Support informed him that there might have been a technical glitch that temporarily altered privacy settings for some users. John was advised to review the Transparency and choice section of Google's policy to manage and delete any information he deemed necessary. He was also provided with steps to secure his account and ensure his privacy settings were correctly configured."
permit,['Instagram'],['Service Provider'],['Alex Smith'],['User'],['Alex Smith'],['User'],['Cookie Preferences'],Consent,Service Optimization,"['Article 6 - Lawfulness of processing'
 'Article 7 - Conditions for consent']",[],"Alex Smith configured their browser to block cookies, impacting Instagram's functionality. Instagram had informed users about potential service disruptions due to disabled cookies, aligning with GDPR's transparency and consent requirements."
permit,['Reddit'],['Platform'],['TechEnthusiast123'],['User'],['TechEnthusiast123'],['User'],['Personal Data' 'Posts'],,Access and Correction of Personal Data,['Article 15' 'Article 16' 'Article 17'],[],"Reddit provided access to personal data and explained the limitations in correcting and deleting posts, adhering to GDPR requirements."
permit,['John Doe'],['User'],['Yahoo!'],['Service Provider'],['John Doe'],['User'],['Personal Information' 'Address'],Consent,Update Personal Information,['Article 5' 'Article 6' 'Article 32'],[],"John Doe, a long-time user of Yahoo! services, successfully updated his personal information on the Yahoo! platform. Upon logging into his account, John noticed that his address was outdated and needed to be changed to reflect his current residence. He initiated the update process through Yahoo!'s user interface, which prompted him to verify his identity by answering security questions and providing a verification code sent to his registered email. The system accepted his correct responses, allowing him to update his information seamlessly. John appreciated the security measures in place to protect his personal information and found the verification process straightforward and secure."
permit,['Domain Administrator'],['Administrator'],['Bank of America'],['Organization'],['Employees'],['Employee'],['Email Data' 'Application Statistics'],Authorization,Account Management and Security,"['Article 6 - Lawfulness of processing'
 'Article 32 - Security of processing']",[],Bank of America ensured that domain administrators accessed employee data with proper authorization for the purpose of account management and security. The bank adhered to GDPR by implementing strict access controls and conducting regular audits to ensure compliance.
permit,['Bank of America'],['Financial Institution'],['John Doe'],['Customer'],['John Doe'],['Customer'],['Personal Information' 'Address'],Consent,Correction of Personal Data,['Article 16' 'Article 32'],[],"In 2023, a customer of Bank of America, named John Doe, requested access to his personal information held by the bank. John wanted to correct an error in his address that he noticed on his bank statements. Bank of America, adhering to its policy of providing information access and correction for free, initiated the process to update John's address. However, due to the bank's robust data protection measures, the correction was not immediately reflected across all systems. John was informed that while the active servers would be updated promptly, residual copies of the incorrect address might still exist temporarily in backup systems. This delay was attributed to the bank's efforts to protect information from accidental or malicious destruction, ensuring that data integrity and security were maintained."
permit,['IMDb'],['Data Controller'],['Advertisers'],['Data Processor'],['Jane Doe'],['User'],['Movie Searches' 'Ratings'],Consent,Targeted Advertising,"['Article 6 - Lawfulness of processing'
 'Article 7 - Conditions for consent'
 'Article 12 - Transparent information, communication and modalities for the exercise of the rights of the data subject']",[],"Jane Doe, an active user of IMDb, noticed targeted advertisements based on her movie searches and ratings. Upon reviewing IMDb's Privacy Policy, she sought clarification on data collection and usage. IMDb provided clear information about data practices, ensuring transparency and obtaining her consent for targeted advertising."
permit,['Google'],['Service Provider'],['New York Times'],['Publisher'],['John Doe'],['User'],['Profile Name' 'Photo'],Consent,Advertisement,"['Article 6 - Lawfulness of processing'
 'Article 7 - Conditions for consent']",[],"John Doe, a user of Google services, discovered that his Profile name and photo were displayed in an advertisement for a third-party application on the New York Times website. John had previously adjusted his Google Account settings to limit the visibility of his profile information in commercial contexts. Despite these settings, his information appeared alongside a positive review he had written for the application, which was connected to his Google Account. John contacted Google to address the issue, expressing concern over the breach of his privacy settings and the unauthorized use of his personal information in a commercial advertisement."
permit,['Domain Administrator'],['IT Administrator'],['Governmental Agency'],['Legal Authority'],['Alex Johnson'],['Employee'],['Account Access Details'],Authorization,Legal Compliance,"['Article 6 - Lawfulness of processing'
 'Article 32 - Security of processing']",[],"CineTech Solutions' domain administrator accessed an employee's account to comply with a legal request, ensuring all actions were authorized and in line with company policy and GDPR requirements."
permit,['Domain Administrator'],['Administrator'],['Governmental Agency'],['Governmental Authority'],['Employees of TechCorp'],['Employees'],['Account Information'],Authorization,Compliance with Legal Request,"['Article 6 - Lawfulness of processing'
 'Article 29 - Processing under the authority of the controller or processor']",[],TechCorp's domain administrator accessed employee Google Accounts to comply with a legal request from a governmental agency. The administrator had the authority to manage user accounts to ensure compliance with legal obligations.
permit,['Google LLC'],['Service Provider'],['Alex Smith'],['User'],['Alex Smith'],['User'],['User Preferences' 'Personalized Content'],Consent,Enhancing User Experience,"['Article 6 - Lawfulness of processing'
 'Article 7 - Conditions for consent']",[],"In 2023, a user named Alex Smith filed a complaint against Google, claiming that after setting their browser to block all cookies, they experienced significant disruptions in using Google's services. Alex reported that essential features, such as language preferences and personalized search results, were not functioning properly. Despite being aware that disabling cookies might affect service functionality, Alex argued that the extent of the disruption was unreasonable and sought clarification on how Google could improve user experience without relying heavily on cookies."
permit,['Instagram' 'Meta'],['Service Provider' 'Parent Company'],['TravelWithTina'],['User'],['TravelWithTina'],['User'],['Browsing Activity'],Consent,Targeted Advertising,"['Article 6 - Lawfulness of processing'
 'Article 7 - Conditions for consent']",[],"Instagram and Meta have implemented a system where users are informed about the use of cookies and pixel tags for targeted advertising. Users, including influencers like TravelWithTina, are provided with clear and concise information about how their browsing activity is tracked and used. Consent is obtained through a user-friendly interface, allowing users to opt-in or opt-out of such tracking. This practice aligns with the principles of contextual integrity, ensuring that the flow of information is appropriate to the context and that users' privacy expectations are respected."
permit,['Google LLC'],['Service Provider'],['YouTube'],['Service Provider'],['Alex'],['User'],['DoubleClick cookie information' 'Personally identifiable information'],Consent,Enhancing user experience,"['Article 6 - Lawfulness of processing'
 'Article 7 - Conditions for consent']",[],"In 2023, a user named Alex reported a concern regarding Google's data handling practices. Alex noticed that after using Google Photos, personalized ads related to recent photo uploads began appearing on YouTube, another Google service. Alex was aware that Google combines personal information across its services to enhance user experience, such as making it easier to share content with friends. However, Alex was concerned because they had not provided explicit opt-in consent for Google to combine their DoubleClick cookie information with personally identifiable information. This raised questions about whether Google's data practices aligned with their stated policies on user consent."
permit,['Microsoft Corporation'],['Service Provider'],['Microsoft Services'],['Service Platform'],['Jane Doe'],['User'],['Google Profile Name' 'Photo'],Consent,Service Integration,"['Article 6 - Lawfulness of processing'
 'Article 7 - Conditions for consent']",[],Microsoft Corporation ensured that the use of Google Profile information across its services was compliant with GDPR by obtaining explicit consent from users like Jane Doe. The integration was designed to enhance user experience by allowing seamless access to services like Microsoft Teams and Outlook. Users were informed about how their Google Profile information would be used and had the option to manage their privacy settings.
permit,['Amazon'],['Service Provider'],['Amazon'],['Data Controller'],['Users'],['Data Subject'],['User Interaction Data'],Consent,Service Improvement and Targeted Advertising,"['Article 6 - Lawfulness of processing'
 'Article 7 - Conditions for consent'
 'Article 12 - Transparent information, communication and modalities for the exercise of the rights of the data subject']",[],"Amazon's data collection practices are examined under the lens of Contextual Integrity theory, which emphasizes the importance of context in determining the appropriateness of information flows. In this case, Amazon ensures that users are informed about the data collection practices and have provided consent for their data to be used for service improvement and targeted advertising. The data collected is relevant to the context of the services provided, and users have the ability to manage their privacy settings, aligning with the principles of Contextual Integrity."
permit,['TechSolutions Inc.'],['Data Controller'],['DataSecure LLC'],['Data Processor'],['Users of TechSolutions Inc.'],['Data Subject'],['Personal Information'],Consent,Data Management and Security Enhancement,['Article 28' 'Article 32'],[],"TechSolutions Inc. collaborated with DataSecure LLC to manage and analyze customer data, ensuring compliance with Google's Privacy Policy and GDPR. The arrangement aimed to enhance data security and improve user experience. During an audit, it was found that confidentiality measures were not adequately documented, raising concerns. However, the case was reviewed, and it was determined that all necessary measures were in place, and the documentation oversight did not constitute a violation."
permit,['Instagram'],['Data Controller'],['Instagram'],['Data Processor'],['Alex Thompson'],['User'],['Personal Data' 'Usage Patterns' 'Device Information'],Consent,Improve User Experience,"['Article 6 - Lawfulness of processing'
 'Article 7 - Conditions for consent'
 'Article 12 - Transparent information, communication and modalities for the exercise of the rights of the data subject']",[],"In 2023, a user named Alex Thompson raised concerns about Instagram's data collection practices. Alex noticed that after updating the Instagram app, the platform began suggesting content and advertisements that were unusually specific to his recent offline activities. He suspected that Instagram might be collecting more data than disclosed in their Privacy Policy. Alex decided to investigate further by reviewing Instagram's Privacy Policy, which stated that the platform collects information to improve user experience and offers choices for users to access and update their information. However, Alex felt that the policy was vague about the extent of data collection and the specific reasons behind it. He reached out to Instagram's support team for clarification but received generic responses that did not address his concerns. Frustrated, Alex shared his experience on social media, sparking a broader discussion among users about data privacy and transparency on Instagram."
permit,['Google'],['Service Provider'],['Third-party app'],['Advertiser'],['John Doe'],['User'],['Profile name' 'Photo'],Consent,Advertising,"['Article 6 - Lawfulness of processing'
 'Article 7 - Conditions for consent']",[],"John Doe, a long-time user of Google services, noticed that his Profile name and photo were being displayed in advertisements for a third-party app he had recently reviewed. Despite having set his Google Account settings to limit the visibility of his actions, John found his review prominently featured in the app's promotional materials. Concerned about the potential breach of his privacy settings, John contacted Google to address the issue. The case revolves around whether Google's display of John's information in ads was compliant with his account settings and the company's stated policies."
permit,['Yahoo Sports'],['Digital Sports Media Platform'],['Google'],['Data Processor'],['Users'],['App Users'],"['Unique Application Number' 'Device Operating System'
 'Application Version']",Consent,App Functionality and Updates,"['Article 6 - Lawfulness of processing'
 'Article 7 - Conditions for consent'
 'Article 12 - Transparent information, communication and modalities for the exercise of the rights of the data subject']",[],"Yahoo Sports ensured transparency by clearly informing users about the data being collected and its purpose during the app installation process. Users were provided with a consent form that explained the necessity of sharing certain data with Google to ensure app functionality and updates. This consent was obtained in compliance with GDPR requirements, ensuring that users were aware and agreed to the data processing activities."
permit,['John Doe'],['User'],['Google'],['Service Provider'],['John Doe'],['User'],['Profile Name' 'Profile Photo'],Consent,Service Enhancement,"['Article 6 - Lawfulness of processing'
 'Article 7 - Conditions for consent']",[],"John Doe updated his Google Plus+ profile name, which was then automatically updated across all Google services he used. This change was in line with Google's terms of service and privacy policy, which John had consented to when using the services. The update was intended to enhance user experience by maintaining consistency across platforms."
permit,['Yahoo Sports'],['Service Provider'],['Advertisers' 'Yahoo Sports'],['Advertiser' 'Service Provider'],['Users'],['Data Subject'],['Search Queries' 'Interactions'],Consent,Personalized Content and Advertisements,"['Article 6 - Lawfulness of processing'
 'Article 7 - Conditions for consent'
 'Article 12 - Transparent information, communication and modalities for the exercise of the rights of the data subject']",[],"Yahoo Sports implemented a transparent data usage policy where users were clearly informed about how their data would be used for personalized content and advertisements. Users were provided with a consent form that explained the types of data collected, the purpose of data collection, and how it would be shared with advertisers. This approach ensured compliance with GDPR by obtaining explicit consent from users and maintaining transparency in data handling practices."
permit,['Google'],['Service Provider'],['Third-party app'],['Advertiser'],['John Doe'],['User'],"['Profile name' 'Photo' ""+1's"" 'Comments']",Consent,Advertising,"['Article 6 - Lawfulness of processing'
 'Article 7 - Conditions for consent']",[],"John Doe, a long-time user of Google services, noticed that his Profile name and photo were being displayed in advertisements for a third-party app he had recently reviewed. Despite having set his Google Account settings to limit the visibility of his actions, John found his +1's and comments prominently featured in the app's promotional materials. Concerned about his privacy, John contacted Google to understand why his settings were not respected, leading to a broader discussion about user privacy and data sharing practices."
permit,['Google'],['Service Provider'],['Alex Johnson'],['User'],['Alex Johnson'],['User'],['Conversations' 'Searches'],Consent,Personalized Advertising,"['Article 6 - Lawfulness of processing'
 'Article 7 - Conditions for consent'
 'Article 12 - Transparent information, communication and modalities for the exercise of the rights of the data subject']",[],"Alex Johnson, a user of Google Plus+, noticed personalized ads based on recent conversations and searches. Alex reviewed Google's privacy policy and contacted Google for clarification. The case examines Alex's experience and Google's data collection practices."
permit,['Google'],['Service Provider'],['Reddit'],['Advertising Platform'],['John Doe'],['User'],['Profile Name' 'Photo'],Consent,Advertising,"['Article 6 - Lawfulness of processing'
 'Article 7 - Conditions for consent']",[],"John Doe, a frequent user of Reddit and other online platforms, noticed that his Google Profile name and photo were being displayed in advertisements on Reddit. However, in this case, John had explicitly consented to the use of his profile information for advertising purposes when he interacted with the third-party application. Google ensured that John's privacy settings were respected and that his consent was obtained in accordance with GDPR requirements."
permit,['Amazon'],['Service Provider'],['Jane Doe'],['Customer'],['Jane Doe'],['Data Subject'],['Personal Information'],Consent,Data Access and Correction,['Article 15' 'Article 16' 'Article 32'],[],"Amazon provided access to and corrected Jane Doe's personal information promptly and without charge. They explained the presence of outdated information in backup systems due to data protection protocols, balancing data accuracy with technical challenges."
permit,['Google LLC'],['Service Provider'],['Users'],['Service Users'],['Users'],['Data Subjects'],['Location History' 'Search Queries' 'Microphone Access'],Consent,Personalized Health Recommendations,"['Article 6 - Lawfulness of processing'
 'Article 7 - Conditions for consent'
 'Article 12 - Transparent information, communication and modalities for the exercise of the rights of the data subject']",[],"Google Health Insights' data collection practices were scrutinized by privacy advocates. However, the service was found to comply with GDPR as it obtained user consent and provided clear information about data usage."
permit,['Google'],['Service Provider'],"[""Emily's Art Supplies""]",['Business Owner'],"[""Emily's Art Supplies""]",['Business Owner'],['Email Content'],Consent,Enhancing User Experience,"['Article 6 - Lawfulness of processing'
 'Article 7 - Conditions for consent']",[],"Emily's Art Supplies noticed specific search results and ads based on email content. Google clarified that automated systems analyze content to enhance user experience, with consent obtained."
permit,"['Reddit, Inc.']",['Platform Provider'],['Third-party Advertisers'],['Advertisers'],['John Doe'],['User'],['User Interaction Data'],Consent,Targeted Advertising,"['Article 6 - Lawfulness of processing'
 'Article 7 - Conditions for consent']",[],"Reddit, Inc. ensured that user data collection and sharing practices were aligned with GDPR by obtaining explicit consent from users for targeted advertising. The privacy policy clearly outlined the data collection process, and users were informed and agreed to the terms before data sharing occurred."
permit,['IMDb'],['Data Controller'],['Advertising Partners'],['Data Processor'],['Jane Doe'],['Data Subject'],['Personal Information'],Consent,Targeted Advertising,"['Article 6 - Lawfulness of processing'
 'Article 7 - Conditions for consent'
 'Article 12 - Transparent information, communication and modalities for the exercise of the rights of the data subject']",[],"IMDb ensured that all users, including Jane Doe, were informed and provided explicit consent for the use of their personal data for targeted advertising. The platform updated its Privacy Policy to clearly state this new purpose and obtained consent from users before proceeding with the advertising initiative. This approach aligns with the principles of contextual integrity, ensuring that the flow of information adheres to the norms of appropriateness and distribution."
permit,['Reddit'],['Platform Operator'],['Third-party Partners'],['Data Partners'],['Users'],['Data Subjects'],['User Data'],Consent,Data Sharing,['Article 12' 'Article 13' 'Article 14'],[],Reddit updated its Privacy Policy to include new data-sharing practices with third-party partners. They provided prominent notice on the platform's homepage and sent email notifications to all registered users. This was in compliance with their stated policy procedures.
permit,['Google'],['Service Provider'],['Alex Johnson'],['User'],['Alex Johnson'],['User'],['Personal Data' 'Account Activity'],Consent,Service Improvement and Personalization,['Article 12' 'Article 13' 'Article 21'],[],"In 2023, a user named Alex Johnson raised concerns about the transparency of data collection practices on Google Sites. Alex, a small business owner, used Google Sites to create a website for his business. He noticed that his Google Account was collecting data from various services, including Search and YouTube, which he felt was not clearly communicated to him. Alex decided to explore the privacy settings available to him. He accessed his Google Account History and discovered options to control the collection of personal information. He also used the Google Dashboard to review and manage the types of information linked to his account. Additionally, Alex explored the Ads Settings to adjust his ad preferences and opted out of certain advertising services. Despite these available tools, Alex felt that the initial communication about data collection was insufficient, prompting him to seek further clarification from Google."
permit,['Jane Doe'],['User'],['IMDb'],['Service Provider'],['Jane Doe'],['User'],['Search History' 'Interactions'],Consent,Enhancing Service Offerings and Improving User Experience,"['Article 6 - Lawfulness of processing'
 'Article 7 - Conditions for consent'
 'Article 12 - Transparent information, communication and modalities for the exercise of the rights of the data subject']",[],"In 2023, IMDb, a popular online database for movies, television shows, and entertainment content, ensured compliance with data privacy regulations by obtaining explicit consent from users like Jane Doe for using their search history and interactions to tailor advertisements and content recommendations. Jane had created an IMDb account to track her favorite movies and participate in community discussions. She was informed about the personalized ads and content recommendations, and she had the option to manage her privacy settings. IMDb's customer service provided clear information about data usage policies, emphasizing transparency and user control over personal data. This approach aligned with the principles of contextual integrity, balancing personalized services with user privacy."
permit,['TechGadgets Inc.'],['Data Controller'],['Google'],['Data Processor'],['Users'],['Data Subjects'],['User Behavior Data'],Consent,Marketing and User Experience Improvement,"['Article 6 - Lawfulness of processing'
 'Article 7 - Conditions for consent'
 'Article 12 - Transparent information, communication and modalities for the exercise of the rights of the data subject']",[],"TechGadgets Inc. implemented Google Analytics and DoubleClick cookies with clear communication and obtained user consent for data collection and cross-site tracking, ensuring compliance with GDPR."
permit,['Reddit'],['Platform'],['Third-party marketing company'],['Marketing Company'],['Alex'],['User'],['Email address' 'Browsing history'],Consent,Marketing,"['Article 6 - Lawfulness of processing'
 'Article 7 - Conditions for consent']",[],"In 2023, a Reddit user named Alex participated in a survey on Reddit, which was conducted by a third-party organization. The survey included a clear and transparent consent form that explicitly mentioned the sharing of sensitive personal information, such as email address and browsing history, with external entities for marketing purposes. Alex provided explicit consent by opting in through the survey. Upon realizing the data sharing, Alex contacted Reddit to inquire about the consent process and the specific information shared. Reddit responded by confirming that the consent form was clear and that users had opted in by participating in the survey."
permit,['Microsoft Corporation'],['Data Controller'],['Governmental Agency in Country X'],['Law Enforcement'],['Users'],['Data Subjects'],['User Account Information' 'Metadata'],,Addressing Cybersecurity Threat,['Article 6(1)(c) - Legal Obligation' 'Article 6(1)(e) - Public Interest'],[],Microsoft Data Sharing Incident
permit,['Bank of America'],['Financial Institution'],['Google'],['Tech Company'],['Jane Doe'],['Customer'],['Personal Information' 'Banking Details'],Consent,Personalized Advertisements,"['Article 6 - Lawfulness of processing'
 'Article 7 - Conditions for consent']",[],"In 2023, Bank of America collaborated with Google to enhance customer experience by integrating personal information across services. Jane Doe, a customer, had provided explicit opt-in consent for her personal information from her Bank of America account to be used in conjunction with data from her Google services. This integration was used to personalize advertisements she received through Google's advertising network. The process adhered to privacy and security regulations, ensuring the protection of her personal information."
permit,['TechLearn'],['Educational Platform'],['Google'],['Service Provider'],"[""Users of TechLearn's website""]",['Data Subjects'],"['User interactions, engagement metrics']",Consent,Enhancing user engagement and ad targeting,"['Article 6 - Lawfulness of processing'
 'Article 7 - Conditions for consent'
 'Article 25 - Data protection by design and by default']",[],"TechLearn integrated Google Analytics with advertising services to better track and analyze user data, ensuring compliance with Google's policies and respecting user privacy."
permit,['Yahoo Sports'],['Service Provider'],['Yahoo Inc.'],['Data Controller'],['Users'],['Data Subjects'],['Viewing habits and interactions'],Consent,Personalized content and advertisements,"['Article 6 - Lawfulness of processing'
 'Article 7 - Conditions for consent'
 'Article 12 - Transparent information, communication and modalities for the exercise of the rights of the data subject']",[],"Yahoo Sports collects user data with consent for personalized content and advertising, ensuring transparency and compliance with GDPR."
permit,['New York Times'],['Media Organization'],['John Doe'],['Subscriber'],['John Doe'],['Data Subject'],['Personal Data'],Consent,Enhancing User Experience and Providing Personalized Content,['Article 15' 'Article 16' 'Article 17' 'Article 32'],[],"John Doe requested access to and correction of his personal data. The New York Times explained that while they strive to provide these services for free, fulfilling the request would require disproportionate effort due to the extensive nature of the data. They also clarified that residual data might remain in backup systems for a period of time after account deletion, in line with their data protection practices."
permit,['Google LLC'],['Service Provider'],['Users'],['Account Holders'],['Users'],['Data Subjects'],['Login Patterns' 'Account Security Status'],,Security Monitoring and Incident Response,"['Article 32 - Security of Processing'
 'Article 33 - Notification of a Personal Data Breach to the Supervisory Authority']",[],Google discovered unauthorized access attempts to user accounts and took immediate action to secure the accounts and notify users. The company worked with a third-party developer to patch a vulnerability and prevent further incidents.
permit,['IMDb'],['Service Provider'],['Google'],['Service Provider'],['Alex'],['User'],['Movie Ratings' 'Reviews' 'Personal Preferences'],Consent,Personalized Advertising,"['Article 6 - Lawfulness of processing'
 'Article 7 - Conditions for consent']",[],"In this case, IMDb and Google have ensured compliance with GDPR by obtaining explicit consent from users like Alex before processing their personal data for personalized advertising. IMDb provided clear information about the integration with Google services and the use of DoubleClick cookies, allowing users to opt-in for data sharing. This approach aligns with the Contextual Integrity theory, which emphasizes the importance of context-specific informational norms and user consent."
permit,['Yahoo!'],['Service Provider'],['Third-party Advertisers'],['Advertisers'],['Users'],['Data Subjects'],['Personal Data'],Consent,Targeted Advertising,"['Article 6 - Lawfulness of processing'
 'Article 7 - Conditions for consent'
 'Article 12 - Transparent information, communication and modalities for the exercise of the rights of the data subject']",[],"Yahoo! implemented a privacy policy that clearly informed users about the extent of data sharing practices with third-party advertisers. The policy was transparent and provided users with the option to give explicit consent for their data to be used for targeted advertising. Users were adequately informed about how their personal data would be processed, and consent was obtained in a manner compliant with GDPR requirements."
prohibit,['Istituto di Istruzione Superiore G. Renda di Polistena'],['Educational Institution'],['Public'],['General Public'],['Former Employee of the Municipality'],['Former Employee'],['Personal Data related to Employment Termination'],Authorization,,[],"['Article 5(1)(a) - Lawfulness, fairness and transparency'
 'Article 6 - Lawfulness of processing'
 'Article 9 - Processing of special categories of personal data']","A former employee of a municipality discovered that a document containing their personal data, specifically information about the termination of their employment relationship, was published on the website of an educational institution, Istituto di Istruzione Superiore G. Renda di Polistena. The document was accessible to the public, leading to concerns about the unauthorized disclosure of personal information."
prohibit,['Östergötland Region'],['Data Controller'],['Users of the hospital information system Cosmic'],['Hospital Staff'],['Patients'],['Data Subjects'],['Confidential Patient Data'],Authorization,Healthcare Operations,[],['Article 5(1)(f)' 'Article 32'],"Östergötland Region, responsible for managing patient data, used the hospital information system Cosmic. However, they did not conduct a risk analysis to assess who should have access to patient data. As a result, authorizations were not assigned according to the principle of minimum access, allowing users full access to confidential patient data that was not necessary for their work purposes."
prohibit,['City of Stockholm' 'Parents' 'Google'],['Data Controller' 'User' 'Search Engine'],['School Staff' 'Other Parents' 'Public'],['User' 'User' 'Public'],['Students' 'Teachers'],['Data Subject' 'Data Subject'],['Protected Identity' 'Grades' 'Administrative Information'],,Education Administration,[],['Article 5' 'Article 32'],"The City of Stockholm implemented a school education platform consisting of various subsystems for managing school attendance, student administration, and interfaces for parents and teachers. However, the platform had significant security flaws. In one subsystem, a lack of access restrictions allowed numerous staff members to view information about students with protected identities. In another subsystem, parents could easily access information about other students, such as their grades. Additionally, Google's search engine could locate links to an administrative interface where information about teachers with protected identities was accessible."
prohibit,['Company'],['Data Controller'],['Polish DPA'],['Data Protection Authority'],['Three Persons'],['Data Subjects'],['Personal Data'],,Data Processing,[],['Article 32'],"A company experienced a data breach when a senior employee's company car was broken into, resulting in the theft of a company laptop. The laptop contained personal data of three individuals. The company reported the breach to the Polish Data Protection Authority."
prohibit,"[""Chairman of ASSOCIACIO DE CAÇADORS D'ALZIRA""]",['Chairman'],['Members of WhatsApp group'],['Group Members'],"[""Member of ASSOCIACIO DE CAÇADORS D'ALZIRA""]",['Member'],['Letter'],Authorization,,[],"['Article 6 - Lawfulness of processing'
 'Article 7 - Conditions for consent']",A member of the ASSOCIACIO DE CAÇADORS D'ALZIRA wrote a letter. The chairman of the association shared this letter in a WhatsApp group consisting of 195 members without obtaining consent from the member who wrote the letter.
prohibit,['Global Baby Brand SRL'],['Controller'],['Data Subject'],['Consumer'],['Data Subject'],['Consumer'],['Telephone Number'],Authorization,Marketing,[],['Article 6' 'Article 7'],"A company, Global Baby Brand SRL, sends commercial SMS messages to a consumer. The consumer did not provide consent for their telephone number to be used for marketing purposes."
prohibit,['Company'],['Employer'],['Company'],['Data Controller'],['Employees'],['Data Subject'],['Video Footage'],Authorization,Monitoring,[],['Article 5(1)(c) - Data Minimization'],"A company installed video cameras in its offices and in areas where employees store their spare clothes, such as changing rooms. The cameras were used to monitor the activities of employees, capturing video footage of them in these areas. The company processed this personal data of employees without considering the principle of data minimization, which requires that data collection be adequate, relevant, and limited to what is necessary in relation to the purposes for which they are processed."
prohibit,['STS Di Prisinzano s.r.l'],['Service Provider'],['Customer'],['Service User'],['Customer'],['Data Subject'],['Personal Data'],Authorization,Breakdown Service,[],['Article 13'],"STS Di Prisinzano s.r.l, a company providing breakdown services, processed the personal data of a customer. The customer engaged the company for a breakdown service, during which their personal data was collected and processed. However, the company did not sufficiently inform the customer about how their personal data would be processed in the context of providing the service."
prohibit,['Corint Logistic SRL'],['Data Controller'],['Customer'],['Data Subject'],['Customer'],['Data Subject'],['Personal Data'],Authorization,Advertising,[],['Article 17' 'Article 21'],"A customer of Corint Logistic SRL requested the erasure of their personal data and received confirmation that their data had been deleted. Despite this, the customer continued to receive advertising text messages from Corint Logistic SRL."
prohibit,['Medijobs Platform SRL'],['Data Controller'],['Unauthorized third parties'],['Unauthorized Accessors'],['Applicants'],['Data Subjects'],['Name' 'E-mail address' 'Professional history' 'Marital status'],,,[],['Article 32'],"Medijobs Platform SRL, a data controller, experienced a data breach where unauthorized third parties accessed their IT infrastructure. These third parties downloaded, deleted, and transferred personal data of applicants, including names, e-mail addresses, professional histories, and marital statuses. The breach occurred due to inadequate technical and organizational measures to protect the personal data."
prohibit,['Cosmote'],['Telecommunications Provider'],['OTE Group'],['Security Infrastructure Provider'],['Cosmote Subscribers'],['Customers'],['Age' 'Gender' 'Contract Information'],,Security Infrastructure Support,[],['Article 32'],"Cosmote, a telecommunications provider, experienced a data breach where a hacker accessed their systems due to insufficient security measures. The breach resulted in the unauthorized access and leakage of sensitive information, including age, gender, and contract details of nearly 10 million Cosmote subscribers. OTE Group, a subsidiary of Cosmote, was responsible for contributing to Cosmote's security infrastructure."
prohibit,"['CONTIMAG INVEST, S.L.']",['Data Controller'],['Restaurant Patrons'],['Data Subjects'],['Restaurant Patrons'],['Data Subjects'],['Video Surveillance Footage'],,Security Monitoring,[],['Article 12' 'Article 13'],"CONTIMAG INVEST, S.L. operates a restaurant where video surveillance is used for security purposes. However, the restaurant failed to provide adequate information to its patrons about the video surveillance, such as the purpose of the surveillance, the identity of the data controller, and other necessary details as required by GDPR. Patrons visiting the restaurant were not informed about the data collection and processing activities related to the video surveillance."
prohibit,['Company'],['Data Controller'],['Company'],['Data Controller'],['Applicants'],['Job Applicants'],['Applicant Data'],Authorization,Job Application,[],['Article 5(1)(c)' 'Article 6(1)'],"A company, acting as a data controller, collected personal data from individuals applying for jobs. The data collected included information that was not necessary for the job application process. The company did not adequately justify the necessity of collecting this specific data for the purpose of evaluating job applicants."
prohibit,"['APOLLONIA TOPCO, S.L.']",['Data Controller'],"['APOLLONIA TOPCO, S.L.']",['Data Controller'],['Individual'],['Data Subject'],"[""Driver's License""]",,Identity Verification for Refund,[],['Article 5(1)(c)' 'Article 12'],"An individual requested a refund from APOLLONIA TOPCO, S.L. and was asked to provide their driver's license as proof of identity. The individual felt that this request was excessive and filed a complaint with the Spanish Data Protection Authority (DPA). The DPA reviewed the case to determine whether the request for a driver's license was necessary for the refund process."
prohibit,['Neurology Department' 'Surgical Department'],['Healthcare Provider' 'Healthcare Provider'],['Patients' 'Family Members/Caregivers'],['Patient' 'Family Member/Caregiver'],['Patients' 'Family Members/Caregivers'],['Patient' 'Family Member/Caregiver'],['Email Addresses'],,Communication,[],['Article 5(1)(f)' 'Article 32'],"The healthcare facility Ospedale San Raffaele s.r.l. experienced two data breaches involving the unauthorized disclosure of email addresses. In the first incident, the neurology department sent a newsletter using an open distribution list, making the email addresses of 499 recipients visible to all. Among these, 321 were patients and 46 were family members or caregivers, allowing for identification by name. In the second incident, the surgical department also sent a newsletter in a similar manner, affecting 90 email addresses, of which 75 belonged to patients and/or their family members or caregivers. These breaches exposed personal data, including health-related information, without appropriate security measures."
prohibit,['Clearview Al Inc.'],['Data Processor'],['Clearview Al Inc.'],['Data Controller'],['Dutch citizens'],['Data Subjects'],['Biometric data' 'Images'],Authorization,Facial recognition services,[],['Article 5' 'Article 6' 'Article 12' 'Article 15' 'Article 27'],"Clearview Al Inc., a company providing facial recognition services, compiled a database of over 30 billion images, including those of Dutch citizens. These images were collected from publicly available online platforms, such as social media. The company used these images to create biometric profiles, enabling the identification of individuals. However, the company did not inform the data subjects about the processing of their data, nor did it respond to access requests from data subjects. Additionally, the company did not appoint a representative within the European Union."
prohibit,['Company'],['Controller'],['Sales Representative'],['Processor'],['Data Subject'],['Customer'],['Personal Data'],Authorization,To conclude a new contract,[],['Article 6 - Lawfulness of processing'],"A data subject had previously concluded an energy supply contract with a company, which was later duly terminated. Despite the termination, the company assigned the previously terminated contract to a sales representative, who acted as a processor, to contact the data subject with the aim of concluding a new contract."
prohibit,"['MÁRMOLES Y GRANITOS MEJIAS, S. L.']",['Data Controller'],['Public'],['General Public'],['Individuals in public space'],['Data Subject'],['Video Surveillance Footage'],,Security,[],"['Article 5(1)(c) - Data Minimization'
 'Article 12 - Transparent Information']","MÁRMOLES Y GRANITOS MEJIAS, S. L. installed video surveillance cameras on their premises. These cameras captured footage that included not only their private property but also extended to public spaces. The company did not provide adequate information to individuals about the presence and purpose of the CCTV cameras."
prohibit,['Azienda Usl Toscana centro'],['Healthcare Provider'],['Public'],['General Public'],['Patients'],['Patients'],['Medical Records' 'Sensitive Patient Data'],Authorization,Healthcare Operations,[],['Article 5(1)(f)' 'Article 32'],"A healthcare provider, Azienda Usl Toscana centro, had stored medical records containing sensitive patient data in one of its former and vacant buildings. This building was publicly accessible, meaning that anyone could potentially access the sensitive information contained within these records. The situation was brought to light when a person reported the issue, highlighting the potential risk to patient privacy and data protection."
prohibit,['Municipality of Montalbano Jonico'],['Public Authority'],['Public'],['General Public'],"['Complainant' ""Complainant's Father""]",['Data Subject'],"['Name' 'Date of Birth' 'Place of Residence' 'Disability Status'
 'Settlement Sum']",Authorization,Public Information,[],['Article 5(1)(c) - Data Minimization'],"An individual discovered that a document containing personal data about himself and his father was publicly accessible on the municipality of Montalbano Jonico's website. The document, found under the 'Documents and Data' section, was related to a decision on a settlement for the removal of architectural barriers in their home. It included personal details such as their names, the complainant's date of birth and place of residence, and information about the settlement sum. The document also referenced the father's disability status."
prohibit,"['Vodafone España, S.A.U.' 'Commissioned Processor']",['Telecommunications Company' 'Processor'],['Data Subject'],['Consumer'],['Data Subject'],['Consumer'],['Phone Number'],Authorization,Advertising,[],['Article 6 - Lawfulness of processing' 'Article 21 - Right to object'],"A data subject, who was registered on the Robinson advertising exclusion list, received an advertising call from a company on behalf of Vodafone España, S.A.U. The call was made due to an error in the call number filtering system of Vodafone's commissioned processor. Vodafone had not established measures to prevent advertising calls to numbers on the Robinson list and was unaware that the data subject's number was on the list, resulting in the call not being blocked."
prohibit,['Logistics Company'],['Data Controller'],['Public'],['None'],['Subscribers'],['Data Subject'],"['First and Last Names' 'Addresses' 'Subscribed Newspapers'
 'Special Delivery Information']",Authorization,Delivery Operations,[],['Article 32' 'Article 33' 'Article 34'],"A logistics company, responsible for delivering newspapers, disposed of delivery lists in a public waste paper container. These lists contained detailed personal information about subscribers, including their names, addresses, the newspapers they subscribed to, and specific delivery instructions. The company did not inform the affected individuals or the Data Protection Authority (DPA) about this data breach in a timely manner."
prohibit,['Xfera Móviles'],['Data Controller'],['AEPD'],['Data Protection Authority'],['Customers'],['Data Subjects'],['Customer Data'],,Investigation of privacy violations,[],['Article 31' 'Article 58(1)'],"Xfera Móviles, a telecommunications company, was involved in an investigation by the Spanish Data Protection Authority (AEPD) regarding potential privacy violations. During the investigation, the AEPD requested information and documentation from Xfera Móviles to assess compliance with data protection regulations. However, Xfera Móviles did not respond to these requests and failed to provide the necessary documentation."
prohibit,['Recover AS'],['Controller'],['Recover AS'],['Controller'],['Data Subject'],['Individual'],['Credit Information'],Authorization,Credit Check,[],['Article 6'],"Recover AS, a company, conducted a credit check on an individual. The company did not have a valid legal basis for performing this credit check on the data subject."
prohibit,['Local Representative'],['Local Government Representative'],['Public'],['Social Media Users'],"['Director' ""Director's Child""]",['Company Director' 'Child'],['Photograph' 'Implied Identity'],Authorization,Political Commentary,[],"['Article 6 - Lawfulness of processing'
 'Article 7 - Conditions for consent'
 ""Article 8 - Conditions applicable to child's consent""]","A local representative took a photo of the director of a company fully owned by the local government, allegedly showing the director tearing off an election poster of the opposition while in the company of his child. The local representative uploaded the photo to his Facebook page, blurring the child's image but hinting that she was the director's daughter. The director had informed the local representative at the scene that he did not consent to the taking of the photo."
prohibit,['Retailer'],['Controller'],['None'],['None'],['Customers' 'Employees'],['Data Subjects'],['Video Surveillance Data'],,Security Monitoring,[],['Art. 27 (2) of the Croatian Act on the Implementation of the GDPR'],"A retailer installed a video surveillance system on its premises to monitor security. The system captured video data of individuals, including customers and employees, who entered the premises. However, the notice provided about the video surveillance did not include all the necessary information required by law."
prohibit,['EDP Comercializadora'],['Energy Supplier'],['Applicant'],['Customer'],['Applicant'],['Customer'],['Personal Data'],Authorization,Gas Contract Processing,[],"['Article 6 - Lawfulness of processing'
 'Article 7 - Conditions for consent']","The applicant received an invoice for a gas contract that he did not sign. EDP Comercializadora claimed that the applicant was a party to a contract with another energy company, which had a supply contract with EDP Comercializadora. EDP Comercializadora argued that the processing of the applicant's data was justified based on this contractual relationship."
prohibit,['Vodafone España S.A.U.'],['Service Provider'],['Data Subjects'],['Former Customers'],['Data Subjects'],['Former Customers'],['Contact Information' 'Billing Information'],Authorization,Billing Notification,[],"['Article 6 - Lawfulness of processing'
 ""Article 17 - Right to erasure ('right to be forgotten')""]","Three former customers of Vodafone España S.A.U. received unsolicited text messages from the company informing them of new invoices, despite having no ongoing contractual relationship and no outstanding payments. The former customers repeatedly requested the cessation of these messages and the deletion of their data. Vodafone attributed the messages to a technical error and assured the customers that the issue would be resolved, but the messages continued."
prohibit,['S.P.E.H. Hidroelectrica S.A.'],['Data Controller'],['Unauthorized individuals' 'Wrong recipients'],['Unknown'],['325 individuals' 'Three customers'],['Data Subjects'],['Personal Data'],Authorization,Data Processing,[],"['Art. 32 (1) b), (2) GDPR' 'Art. 5 (1) a) GDPR' 'Art. 6 (1) a) GDPR']","S.P.E.H. Hidroelectrica S.A., a data controller, experienced several breaches of personal data protection. The breaches resulted in the personal data of 325 individuals being accessed unlawfully or passed on to the wrong recipients. Additionally, the company processed personal data of three customers even after they had exercised their right to erase their data and revoked their consent to the processing."
prohibit,"['BANCO BILBAO VIZCAYA ARGENTARIA, S.A.']",['Data Controller'],['Spouse of the individual'],['Spouse'],['Individual'],['Data Subject'],['Personal Data'],Authorization,,[],"['Article 6 - Lawfulness of processing'
 'Article 5 - Principles relating to processing of personal data']","An individual discovered that their personal data had been disclosed by their bank, BANCO BILBAO VIZCAYA ARGENTARIA, S.A., to their spouse without obtaining their consent. The individual was concerned about this unauthorized sharing of their personal information and decided to file a complaint with the Spanish Data Protection Authority (DPA)."
prohibit,['Società Med Store Saronno s.r.l.'],['Data Controller'],['Hacker'],['Unauthorized Access'],['Patients'],['Data Subject'],['Personal Data' 'Radiological Images'],,,[],['Article 32'],"Società Med Store Saronno s.r.l., a nursing home, experienced a cyber attack where a hacker gained unauthorized access to their systems. The hacker was able to access and publish personal data, including radiological images of patients, on a public platform like Twitter. The nursing home had only used simple passwords to secure the data, which were insufficient to protect against such attacks."
prohibit,"['BANQUETES SANTA ANA, S.L.']",['Event Organizer'],"['BANQUETES SANTA ANA, S.L.']",['Event Organizer'],['Wedding Guests'],['Guests'],['Personal Data' 'ID Card Numbers'],Authorization,Contact Tracing,[],['Article 5(1)(c) - Data Minimization'],"A couple decided to celebrate their wedding at the premises of BANQUETES SANTA ANA, S.L. The event organizer requested the couple to provide personal data of their guests, including ID card numbers, for the purpose of contact tracing during the Covid-19 pandemic."
prohibit,['CORPORACIÓN RADIOTELEVISIÓN ESPAÑOLA' 'trade union'],['Data Controller' 'Data Controller'],['AEPD'],['Data Protection Authority'],"['11,000 people']",['Data Subjects'],"['identification data' 'employment data' 'data about criminal convictions'
 'health data']",,,[],['Article 32 - Security of processing'],"CORPORACIÓN RADIOTELEVISIÓN ESPAÑOLA and a trade union experienced a security breach involving the loss of six unencrypted USB sticks. These USB sticks contained personal data of approximately 11,000 individuals, including identification data, employment data, data about criminal convictions, and health data. The breach was reported to the Spanish Data Protection Authority (AEPD)."
prohibit,['Company Employee'],['Employee'],['Company Employee'],['Private Individual'],['Applicants'],['Job Applicants'],['Personal and Professional Data'],Authorization,Personal Use,[],['Article 5' 'Article 6' 'Article 32'],"A company employee received application documents from job applicants through his work e-mail. He forwarded these documents, which contained personal and professional data, to his private e-mail address. The purpose of this action was to get suggestions for designing his own applications. The resumes were not anonymized before being sent."
prohibit,['Researcher' 'NGO EU DisinfoLab'],['Researcher' 'Organization'],['Public'],['General Public'],['Twitter Users'],['Data Subject'],"['Political Profiling' 'Religious Beliefs' 'Ethnic Origin'
 'Sexual Orientation']",Authorization,Analysis of Political Origin of Tweets,[],"['Article 5 - Principles relating to processing of personal data'
 'Article 6 - Lawfulness of processing'
 'Article 9 - Processing of special categories of personal data'
 'Article 32 - Security of processing']","In 2018, the NGO EU DisinfoLab conducted an analysis to identify the possible political origin of tweets related to the 'Benalla affair' in France. The organization processed data from 55,000 Twitter accounts, classifying over 3,300 as political. The raw data, which included sensitive information such as political profiling, religious beliefs, ethnic origin, and sexual orientation, was published without pseudonymization or other security measures."
prohibit,['Vodafone România SA'],['Data Controller'],['Data Subject'],['Individual'],['Data Subject'],['Individual'],['Personal Data'],,Access and Deletion Request,[],['Article 12' 'Article 15' 'Article 17'],A data subject submitted a request to Vodafone România SA seeking access to and deletion of their personal data. The request was not addressed in a timely manner by the company.
prohibit,['EUROBOX S.A.'],['Data Controller'],['EUROBOX S.A.'],['Data Controller'],['A person'],['Data Subject'],['Proof of identity' 'Address' 'Financial situation'],Authorization,Account reactivation,[],['Article 5(1)(c) - Data minimisation'],"A person had their account with EUROBOX S.A. blocked. To reactivate the account, the person was asked to submit various documents, including proof of identity, address, and financial situation."
prohibit,['Telekom Romania Communications SA'],['Service Provider'],['Data Subject'],['Customer'],['Data Subject'],['Customer'],['Email Address' 'Payment Information'],Authorization,Billing,[],['Art. 5 (1) d)' 'Art. 5 (1) f)' 'Art. 5 (2)' 'Art. 17'],"A customer of Telekom Romania Communications SA received invoices and messages intended for another person, indicating payment arrears. The company mistakenly collected and processed the customer's personal data, leading to the disclosure of another individual's payment information. Additionally, the company failed to comply with the customer's request to delete his personal data."
prohibit,['Hotel Company'],['Data Controller'],['Hotel Security Personnel'],['Data Processor'],['Hotel Guests' 'Public Individuals'],['Data Subjects'],['Video Footage'],,Security Monitoring,[],['Article 5(1)(c) - Data Minimisation'],"A hotel company installed CCTV cameras on its premises to monitor security. However, the cameras were positioned in such a way that they also captured footage of public roads outside the hotel. This setup resulted in the collection of video footage of individuals who were not within the hotel's premises, including passersby on the public roads. The hotel did not obtain consent from these individuals, nor was it clear that capturing such footage was necessary for the intended purpose of security monitoring within the hotel."
prohibit,['Attorney'],['Legal Professional'],['French DPA'],['Data Protection Authority'],['Attorney'],['Legal Professional'],['Cooperation Information'],,Compliance with Data Protection Regulations,[],['Article 31 - Cooperation with the supervisory authority'],"An attorney was required to cooperate with the French Data Protection Authority (DPA) as part of their professional obligations under data protection regulations. The attorney was expected to provide necessary information and assistance to the DPA to ensure compliance with the GDPR. However, the attorney failed to fulfill these obligations, leading to a lack of cooperation with the DPA."
prohibit,"['TIGERS MARKET, S.L.']",['Advertiser'],['Data Subject'],['Consumer'],['Data Subject'],['Consumer'],['Contact Information'],Authorization,Advertising,[],['Article 21 - Right to object' 'Article 6 - Lawfulness of processing'],"A consumer, who had registered their contact information in the Robinson advertising exclusion list to avoid receiving unsolicited marketing communications, received advertising calls from TIGERS MARKET, S.L. The company used the consumer's contact information for advertising purposes without obtaining the necessary consent, despite the consumer's explicit registration in the exclusion list."
prohibit,['Political Party'],['Advertiser'],['Citizens'],['Voter'],['Citizens'],['Data Subject'],['Personal Data'],Authorization,Election Advertising,[],['Article 6 - Lawfulness of processing'],"A political party sent election advertising to citizens. The party used personal data of the citizens to target them with election-related messages. The data subjects, in this case, are the citizens who received the advertising. The political party acted as the sender of the information, while the citizens were the recipients. The purpose of the data transmission was to promote election-related content. The party did not obtain the necessary consent from the citizens to use their personal data for this purpose."
prohibit,['Merchant'],['Service Provider'],['Data Subject'],['Customer'],['Data Subject'],['Customer'],['Mobile Phone Number'],Authorization,Advertising,[],['Article 17'],"A merchant operating an online store received a customer's mobile phone number as part of an order. The customer repeatedly requested the merchant to delete all personal data, including the mobile phone number, invoking their right to be forgotten. Despite these requests, the merchant continued to send advertising messages via SMS to the customer's mobile phone number."
prohibit,['Company'],['Data Controller'],['Data Subjects'],['Individuals'],['Data Subjects'],['Individuals'],['Personal Data'],Consent,Data Processing,[],['Article 7' 'Article 17'],"A company was processing personal data of individuals based on their consent. However, the company did not implement adequate technical and organizational measures to allow individuals to easily and effectively withdraw their consent or request the erasure of their personal data. This led to difficulties for individuals in exercising their rights regarding their personal data."
prohibit,['Azzurro Club Hotels S.r.l.'],['Data Controller'],['Data Subject'],['Individual'],['Data Subject'],['Individual'],['Email Address'],Authorization,Advertising,[],['Article 6' 'Article 12' 'Article 13' 'Article 14'],"Azzurro Club Hotels S.r.l. sent an unsolicited advertising email to an individual. The individual, upon receiving the email, requested information from the company regarding the origin of their data. The company failed to respond properly to these requests."
prohibit,['Employee'],['Employee at Covid testing center'],['Test subject'],['Individual'],['Test subject'],['Individual'],['Phone number'],Authorization,Private contact,[],['Article 5(1)(b)' 'Article 6(1)'],"An employee working at a Covid testing center accessed the personal information of a test subject, specifically their phone number, which was collected during the testing process. The employee then used this phone number to contact the test subject privately, outside the scope of their professional duties."
prohibit,['Malagatrom S.L.U.'],['Controller'],['Public'],['General Public'],['Data Subject'],['Customer'],"['First Name' 'Last Name' 'Address' 'Cell Phone Number' ""Wife's Name""
 ""Wife's Cell Phone Number""]",,,[],['Article 5(1)(a)' 'Article 6(1)' 'Article 9(1)'],"A data subject purchased a product from Malagatrom S.L.U. via Amazon, which was delivered defectively. The data subject left a negative review on the store page of the controller due to the defective delivery. In response, the controller published the personal data of the data subject, including his first and last name, address, cell phone number, as well as the name of his wife and her cell phone number, on the store page of the defendant in the Amazon portal."
prohibit,"['Meta Platforms, Inc.']",['Data Controller'],['Public'],['Data Recipient'],['Minors using Instagram'],['Data Subject'],['Cell phone numbers' 'Email addresses' 'Social media content'],Authorization,Social media interaction,[],"['Article 5(1)(a)' 'Article 5(1)(c)' 'Article 6(1)' 'Article 8'
 'Article 12' 'Article 25' 'Article 32']","Meta Platforms, Inc. operated Instagram, a social media platform where users could create accounts to share content. On Instagram, business accounts of minors were configured such that their cell phone numbers and email addresses were publicly displayed. Additionally, the default settings for underage users' accounts were set to 'public', making their social media content accessible to anyone unless the users manually changed their account settings. This configuration potentially exposed millions of teenagers' personal information to the public."
prohibit,"[""Homeowners' association""]",['Data Controller'],['Public'],['None'],['Individuals in public space'],['Data Subject'],['Video surveillance footage'],Authorization,Security,[],"['Article 5(1)(c) - Data Minimization'
 'Article 13 - Information to be provided']",A Homeowners' association installed video surveillance cameras in their premises. These cameras were positioned in such a way that they also captured footage of the public space outside the premises. The association did not provide adequate information to the public about the data processing activities being conducted through these cameras.
prohibit,['Intesa Sanpaolo Vita S.p.a.' 'employee'],['insurance company' 'employee'],['third parties'],['unknown'],['data subject'],['policyholder'],['first name' 'last name' 'information about the policy'],Authorization,,[],['Article 5(1)(f)' 'Article 6(1)'],"A data subject took out a life insurance policy with Intesa Sanpaolo Vita S.p.a. During the course of their business, an employee of the insurance company mistakenly disclosed the data subject's personal information, including their first name, last name, and details about their policy, to third parties. This disclosure was not authorized by the data subject."
