us_hospital_j	foreign_journal	patient_j	leaked_image_j	medical-record	research
us_hospital_j	patient_j	patient_j	leaked_image_j	medical-record	research
us_hospital_j	patient_j	patient_j	leaked_image_j	medical-record	training-programs
us_hospital_j	patient_j	patient_j	leaked_image_j	medical-record	identification-of-deceased
us_hospital_j	patient_j	patient_j	leaked_image_j	medical-record	determining-cause-of-death
us_hospital_j	patient_j	patient_j	leaked_image_j	medical-record	healthcare-operations
us_hospital_j	patient_j	patient_j	leaked_image_j	medical-record	marketing
us_hospital_j	patient_j	patient_j	leaked_image_j	medical-record	payment
us_hospital_j	patient_j	patient_j	leaked_image_j	medical-record	disease-prevention-or-control
us_hospital_j	patient_j	patient_j	leaked_image_j	medical-record	public-health-surveillance
us_hospital_j	patient_j	patient_j	leaked_image_j	medical-record	public-health-investigation
us_hospital_j	patient_j	patient_j	leaked_image_j	medical-record	public-health-intervention
us_hospital_j	patient_j	patient_j	leaked_image_j	medical-record	treatment
us_hospital_j	patient_j	patient_j	leaked_image_j	medical-record	underwriting
us_hospital_j	patient_j	patient_j	leaked_image_j	medical-record	create-deidentified-info
us_hospital_j	patient_j	patient_j	leaked_image_j	medical-record	compliance-investigation
us_hospital_j	patient_j	patient_j	leaked_image_j	medical-record	report-unlawful-conduct
us_hospital_j	patient_j	patient_j	leaked_image_j	medical-record	determine-legal-options
us_hospital_j	patient_j	patient_j	leaked_image_j	medical-record	directory
us_hospital_j	patient_j	patient_j	leaked_image_j	medical-record	legal-defense
us_hospital_j	patient_j	patient_j	leaked_image_j	medical-record	notification-164-510b
us_hospital_j	patient_j	patient_j	leaked_image_j	medical-record	assist-notification-164-510b
us_hospital_j	patient_j	patient_j	leaked_image_j	medical-record	reports-of-child-abuse
us_hospital_j	patient_j	patient_j	leaked_image_j	medical-record	reports-of-abuse
us_hospital_j	patient_j	patient_j	leaked_image_j	medical-record	fda-quality-safety-effectiveness
us_hospital_j	patient_j	patient_j	leaked_image_j	medical-record	notify-for-public-health-intervention
us_hospital_j	patient_j	patient_j	leaked_image_j	medical-record	obligation-to-record-workplace-injury
us_hospital_j	patient_j	patient_j	leaked_image_j	medical-record	obligation-to-perform-medical-surveillance
us_hospital_j	patient_j	patient_j	leaked_image_j	medical-record	health-oversight
us_hospital_j	patient_j	patient_j	leaked_image_j	medical-record	judicial-administrative-proceeding
us_hospital_j	patient_j	patient_j	leaked_image_j	medical-record	law-enforcement
us_hospital_j	patient_j	patient_j	leaked_image_j	medical-record	law-enforcement-identification-or-location
us_hospital_j	patient_j	patient_j	leaked_image_j	medical-record	suspicious-death-notification
us_hospital_j	patient_j	patient_j	leaked_image_j	medical-record	report-crime-on-premises
us_hospital_j	patient_j	patient_j	leaked_image_j	medical-record	alert-law-enforcement-of-crime
us_hospital_j	patient_j	patient_j	leaked_image_j	medical-record	funeral-director-duties
us_hospital_j	patient_j	patient_j	leaked_image_j	medical-record	facilitate-organ-donation-transplantation
us_hospital_j	patient_j	patient_j	leaked_image_j	medical-record	lessen-health-threat
us_hospital_j	patient_j	patient_j	leaked_image_j	medical-record	identify-apprehend
us_hospital_j	patient_j	patient_j	leaked_image_j	medical-record	national-security-activities
us_hospital_j	patient_j	patient_j	leaked_image_j	medical-record	provision-of-protective-services
us_hospital_j	patient_j	patient_j	leaked_image_j	medical-record	conduct-investigations-18USC871-and-879
us_hospital_j	patient_j	patient_j	leaked_image_j	medical-record	security-clearance-EO-10450-and-12698
us_hospital_j	patient_j	patient_j	leaked_image_j	medical-record	determine-availability-for-foreign-service
us_hospital_j	patient_j	patient_j	leaked_image_j	medical-record	determine-family-accompaniment-FSA
us_hospital_j	patient_j	patient_j	leaked_image_j	medical-record	eligibility-determination-for-veterans-benefits
us_hospital_j	patient_j	patient_j	leaked_image_j	medical-record	provision-of-veterans-benefits
us_hospital_j	patient_j	patient_j	leaked_image_j	medical-record	workers-compensation
us_hospital_j	patient_j	patient_j	leaked_image_j	medical-record	fundraising
us_hospital_j	patient_j	patient_j	leaked_image_j	medical-record	public-health
us_hospital_j	patient_j	patient_j	leaked_image_j	medical-record	surgery
us_hospital_j	patient_j	patient_j	leaked_image_j	medical-record	administer-medication
us_hospital_j	patient_j	patient_j	leaked_image_j	medical-record	administer-blood-test
us_hospital_j	patient_j	patient_j	leaked_image_j	medical-record	referral
us_hospital_j	patient_j	patient_j	leaked_image_j	medical-record	consultation
us_hospital_j	patient_j	patient_j	leaked_image_j	medical-record	emergency-treatment
us_hospital_j	patient_j	patient_j	leaked_image_j	medical-record	billing
us_hospital_j	patient_j	patient_j	leaked_image_j	medical-record	claims-processing
us_hospital_j	patient_j	patient_j	leaked_image_j	medical-record	eligibility-determination
us_hospital_j	patient_j	patient_j	leaked_image_j	medical-record	reimbursement
us_hospital_j	patient_j	patient_j	leaked_image_j	medical-record	collections
us_hospital_j	patient_j	patient_j	leaked_image_j	medical-record	quality-assessment
us_hospital_j	patient_j	patient_j	leaked_image_j	medical-record	quality-improvement
us_hospital_j	patient_j	patient_j	leaked_image_j	medical-record	case-management
us_hospital_j	patient_j	patient_j	leaked_image_j	medical-record	care-coordination
us_hospital_j	patient_j	patient_j	leaked_image_j	medical-record	competency-assurance
us_hospital_j	patient_j	patient_j	leaked_image_j	medical-record	fraud-detection
us_hospital_j	patient_j	patient_j	leaked_image_j	medical-record	compliance-audit
us_hospital_j	patient_j	patient_j	leaked_image_j	medical-record	business-planning
us_hospital_j	patient_j	patient_j	leaked_image_j	medical-record	accreditation
